№,Страница,Шаблон,Title,Description,Доп ключи
1,Главная,main.php,Мастер татуажа,Превосходный мастер татуажа в Санкт-Петербурге. Богатый опыт работы и множество хвалебных отзывов. Звоните и записывайтесь!,Мастер татаужа спб; татуаж мастер лучший; сделать татуаж;татуаж спб лучшие мастера
2,О компании,o-nas.php,Студия татуажа,Студия татуажа предоставляет полный спектр услуг по перманентному макияжу; татуажу и микроблейдингу. Позвоните нам прямо сейчас и станьте еще красивее!,Салон татуажа;салон татуажа спб;студия татуажа спб;студия перманентного макияжа
3,Услуги,uslugi.php,Татуаж услуги,Перманентный макияж; татуаж; микроблейдинг реконструкция бровей и другие услуги в студии перманентного макияжа. Звоните и записывайтесь!,услуги татуажа спб;перманентный макияж услуги;салоны красоты услуги татуаж
4,Цены,ceni.php,Татуаж цены,Низкие цены на татуаж; перманентный макияж и другие услуги в студии макияжа в Санкт-Петербурге. ,Перманентный макияж цены; Татуаж спб цены
5,Контакты,kontakti.php,Контакты студии перманентного макияжа в Санкт-Петербурге,Контакты студии перманентного макияжа в Санкт-Петербурге; адреса и телефоны.,
6,Отзывы,otzivi.php,Татуаж отзывы,Татуаж отзывы о студии перманентного макияжа и татуажа в Санкт-Петербурге и работе наших мастеров.  ,
7,Вакансии,vakansii.php,Вакансии студии перманентного макияжа в Санкт-петербурге.,Вакансии студии перманентного макияжа в Санкт-петербурге.,
8,Карта сайта,site-map.php,,,
9,Ответы на вопросы,faq.php,Частые вопросы о перманентном макияже и татуаже в Санкт-Петербурге.,Частые вопросы о перманентном макияже и татуаже в Санкт-Петербурге.,
10,Услуги/Татуаж,archive-tatuazh.php,Татуаж,Профессиональный татуаж и роскошный перманентный макияж в Санкт-Петербурге от настоящих мастеров!,татуаж бровей; татуаж татуаж губ; татуаж стрелок; татуаж глаз; татуаж век; межресничный татуаж
11,Услуги/Татуаж/Татуаж бровей,single-tatuazh-brov.php,Татуаж бровей,Профессиональный татуаж бровей и роскошный перманентный макияж в Санкт-Петербурге от настоящих мастеров!,татуаж бровей фото; татуаж бровей отзывы; татуаж бровей цены; сделать татуаж бровей; татуаж бровей методы; татуаж бровей спб;хороший татуаж бровей; татуаж бровей спб лучшие мастера
12,Услуги/Татуаж/Татуаж губ,single-tatuazh-gub.php,Татуаж губ,Профессиональный татуаж губ и роскошный перманентный макияж в Санкт-Петербурге от настоящих мастеров!,татуаж губ фото; татуаж губ отзывы; татуаж губ цены; сделать татуаж губ; татуаж губ методы; татуаж губ спб;хороший татуаж губ; татуаж губ спб лучшие мастера
13,Услуги/Татуаж/Татуаж век,single-tatuazh-vek.php,Татуаж век,Профессиональный татуаж век и роскошный перманентный макияж в Санкт-Петербурге от настоящих мастеров!,татуаж век фото; татуаж век отзывы; татуаж век цены; сделать татуаж век; татуаж век методы; татуаж век спб;хороший татуаж век; татуаж век спб лучшие мастера
14,Услуги/Татуаж/Татуаж глаз,single-tatuazh-glaz.php,Татуаж глаз,Профессиональный татуаж глаз и роскошный перманентный макияж в Санкт-Петербурге от настоящих мастеров!,татуаж глаз фото; татуаж глаз отзывы; татуаж глаз цены; сделать татуаж глаз; татуаж глаз методы; татуаж глаз спб;хороший татуаж глаз; татуаж глаз спб лучшие мастера
15,Услуги/Татуаж/Татуаж стрелок,single-tatuazh-strelok.php,Татуаж стрелок,Профессиональный татуаж стрелок и роскошный перманентный макияж в Санкт-Петербурге от настоящих мастеров!,татуаж стрелок фото; татуаж стрелок отзывы; татуаж стрелок цены; сделать татуаж стрелок; татуаж стрелок методы; татуаж стрелок спб;хороший татуаж стрелок; татуаж стрелок спб лучшие мастера
16,Услуги/Перманентный макияж,archive-permanent.php,Перманентный макияж,Профессиональный перманентный макияж и роскошный татуаж в Санкт-Петербурге от настоящих мастеров!,перманентный макияж спб;перманентный макияж бровей; перманентный макияж губ; перманентный макияж; перманентный макияж глаз; перманентный макияж век
17,Услуги/Перманентный макияж/Перманентный макияж бровей,single-permanent-brov.php,Перманентный макияж бровей,Профессиональный перманентный макияж бровей и роскошный татуаж в Санкт-Петербурге от настоящих мастеров!,перманентный макияж бровей фото; перманентный макияж бровей отзывы; перманентный макияж бровей цены; сделать перманентный макияж бровей; перманентный макияж бровей методы; перманентный макияж бровей спб;хороший перманентный макияж бровей; перманентный макияж бровей спб лучшие мастера
18,Услуги/Перманентный макияж/Перманентный макияж губ,single-permanent-gub.php,Перманентный макияж губ,Профессиональный перманентный макияж губ и роскошный татуаж в Санкт-Петербурге от настоящих мастеров!,перманентный макияж губ фото; перманентный макияж губ отзывы; перманентный макияж губ цены; сделать перманентный макияж губ; перманентный макияж губ методы; перманентный макияж губ спб;хороший перманентный макияж губ; перманентный макияж губ спб лучшие мастера
19,Услуги/Перманентный макияж/Перманентный макияж глаз,single-permanent-glaz.php,Перманентный макияж глаз,Профессиональный перманентный макияж глаз и роскошный татуаж в Санкт-Петербурге от настоящих мастеров!,перманентный макияж глаз фото; перманентный макияж глаз отзывы; перманентный макияж глаз цены; сделать перманентный макияж глаз; перманентный макияж глаз методы; перманентный макияж глаз спб;хороший перманентный макияж глаз; перманентный макияж глаз спб лучшие мастера
20,Услуги/Перманентный макияж/Перманентный макияж век,single-permanent-vek.php,Перманентный макияж век,Профессиональный перманентный макияж век и роскошный татуаж в Санкт-Петербурге от настоящих мастеров!,перманентный макияж век фото; перманентный макияж век отзывы; перманентный макияж век цены; сделать перманентный макияж век; перманентный макияж век методы; перманентный макияж век спб;хороший перманентный макияж век; перманентный макияж век спб лучшие мастера
21,Услуги/Перманентный макияж/Перманентный макияж стрелок,single-permanent-strel.php,Перманентный макияж стрелок,Профессиональный перманентный макияж стрелок и роскошный татуаж в Санкт-Петербурге от настоящих мастеров!,перманентный макияж стрелок фото; перманентный макияж стрелок отзывы; перманентный макияж стрелок цены; сделать перманентный макияж стрелок; перманентный макияж стрелок методы; перманентный макияж стрелок спб;хороший перманентный макияж стрелок; перманентный макияж стрелок спб лучшие мастера
22,Услуги/Микроблейдинг/,archive-microblading.php,Микроблейдинг,Профессиональный микроблейдинг и роскошный перманентный макияж в Санкт-Петербурге от настоящих мастеров!,микроблейдинг бровей; спб; микроблейдинг бровей; микроблейдинг губ;микроблейдинг цена; микроблейдинг отзывы; микроблейдинг фото;микроблейдинг 6d
23,Услуги/Микроблейдинг/Микроблейдинг губ,single-microblading-gub.php,Микроблейдинг губ,Профессиональный микроблейдинг губ и роскошный перманентный макияж в Санкт-Петербурге от настоящих мастеров!,
24,Услуги/Микроблейдинг/Микроблейдинг бровей,single-microblading-brov.php,Микроблейдинг бровей,Профессиональный микроблейдинг бровей и роскошный перманентный макияж в Санкт-Петербурге от настоящих мастеров!,микроблейдинг бровей фото; микроблейдинг бровей отзывы; микроблейдинг бровей цены; сделать микроблейдинг бровей; микроблейдинг бровей методы; микроблейдинг бровей спб;хороший микроблейдинг бровей; микроблейдинг бровей спб лучшие мастера
25,Услуги/Исправление татуажа,archive-remove.php,Исправление татуажа,Профессиональное исправление некачественного татуажа в Санкт-Петербурге от настоящих мастеров!,исправление татуажа фото; исправление татуажа отзывы; исправление татуажа цены; сделать исправление татуажа; исправление татуажа методы; исправление татуажа спб;хороший исправление татуажа; исправление татуажа спб лучшие мастера
26,Услуги/Исправление татуажа/Исправление татуажа губ,single-remove-gub.php,Исправление татуажа губ,Профессиональное исправление некачественного татуажа губ в Санкт-Петербурге от настоящих мастеров!,исправление татуажа губ фото; исправление татуажа губ отзывы; исправление татуажа губ цены; сделать исправление татуажа губ; исправление татуажа губ методы; исправление татуажа губ спб;хороший исправление татуажа губ; исправление татуажа губ спб лучшие мастера
27,Услуги/Исправление татуажа/Исправление татуажа бровей,single-remove-brov.php,Исправление татуажа бровей,Профессиональное исправление некачественного татуажа бровей в Санкт-Петербурге от настоящих мастеров!,исправление татуажа бровей фото; исправление татуажа бровей отзывы; исправление татуажа бровей цены; сделать исправление татуажа бровей; исправление татуажа бровей методы; исправление татуажа бровей спб;хороший исправление татуажа бровей; исправление татуажа бровей спб лучшие мастера
28,Услуги/Исправление татуажа/Исправление татуажа век,single-remove-vek.php,Исправление татуажа век,Профессиональное исправление некачественного татуажа век в Санкт-Петербурге от настоящих мастеров!,исправление татуажа век фото; исправление татуажа век отзывы; исправление татуажа век цены; сделать исправление татуажа век; исправление татуажа век методы; исправление татуажа век спб;хороший исправление татуажа век; исправление татуажа век спб лучшие мастера
29,Услуги/Исправление татуажа/Исправление татуажа глаз,single-remove-glaz.php,Исправление татуажа глаз,Профессиональное исправление некачественного татуажа глаз в Санкт-Петербурге от настоящих мастеров!,исправление татуажа глаз фото; исправление татуажа глаз отзывы; исправление татуажа глаз цены; сделать исправление татуажа глаз; исправление татуажа глаз методы; исправление татуажа глаз спб;хороший исправление татуажа глаз; исправление татуажа глаз спб лучшие мастера
30,Услуги/Растушёвка/,archive-rastushovka.php,Растушёвка,Профессиональный перманентный макияж и роскошная растушёвка в Санкт-Петербурге от настоящих мастеров!,татуаж +с растушевкой; перманентный растушевкой
31,Услуги/Растушёвка/Растушёвка бровей,single-rastushovka-brov.php,Растушёвка бровей,Профессиональный перманентный макияж и роскошная растушёвка бровей в Санкт-Петербурге от настоящих мастеров!,татуаж бровей растушевка; перманентный макияж бровей растушёвка
32,Услуги/Растушёвка/Растушёвка губ,single-rastushovka-gub.php,Растушёвка губ,Профессиональный перманентный макияж и роскошная растушёвка губ в Санкт-Петербурге от настоящих мастеров!,татуаж губ растушевка; перманентный макияж губ растушёвка
33,Услуги/Растушёвка/Растушёвка век,single-rastushovka-vek.php,Растушёвка век,Профессиональный перманентный макияж и роскошная растушёвка век в Санкт-Петербурге от настоящих мастеров!,татуаж век растушевка; перманентный макияж век растушёвка
34,Услуги/Растушёвка/Растушёвка глаз,single-rastushovka-glaz.php,Растушёвка глаз,Профессиональный перманентный макияж и роскошная растушёвка глаз в Санкт-Петербурге от настоящих мастеров!,татуаж глаз растушевка; перманентный макияж глаз растушёвка
35,Услуги/Шотирование,single-shotirovanie.php,Шотирование,Профессиональный перманентный макияж и роскошная шотирование бровей в Санкт-Петербурге от настоящих мастеров!,Шотирование бровей; Акварель; Пудровая техника; Теневая техника
36,Услуги/Ламинирование ресниц,single-laminir.php,Ламинирование ресниц,Профессиональное ламинирование ресниц и роскошный перманентный макияж в Санкт-Петербурге от настоящих мастеров!,
37,Услуги/Татуаж волосковым методом,single-volos.php,Татуаж волосковым методом,Профессиональный татуаж волосковым методом и роскошный перманентный макияж в Санкт-Петербурге от настоящих мастеров!,волосковый татуаж; татуаж бровей волосковым методом; брови волосковым методом
38,Услуги/Реконструкция бровей,single-reconstruct.php,Реконструкция бровей,Профессиональная реконструкция бровей и роскошный перманентный макияж в Санкт-Петербурге от настоящих мастеров!,реконструкция бровей 6d; реконструкция бровей фото; реконструкция бровей отзывы; реконструкция бровей цены; сделать реконструкция бровей; реконструкция бровей методы; реконструкция бровей спб;хороший реконструкция бровей; реконструкция бровей спб лучшие мастера;реконструкция бровей спб;
39,Услуги/Статьи,archive-post.php,Статьи о перманентном макияже и татуаже,,
40,Статьи/Неудачный татуаж как от него избавиться,single-post-neud.php,Неудачный татуаж как от него избавиться,,
41,Статьи/Техники перманентного макияжа,single-post-techn.php,Техники перманентного макияжа,,
42,Статьи/Чем отличается перманентный макияж от татуажа,single-post-otlich.php,Чем отличается перманентный макияж от татуажа,,
43,Статьи/Возрастной татуаж,single-post-vozvrast.php,Возрастной татуаж,,
44,Статьи/История татуажа,single-post-istoria.php,История татуажа,,
45,Статьи/Уход после процедуры татуажа,single-post-posle.php,Уход после процедуры татуажа,,
46,Статьи/Чем опасен загар после татуажа,single-post-opasn.php,Чем опасен загар после татуажа,,
47,Статьи/Татуаж на шрамах рубцах и ожогах,single-post-shram.php,Татуаж на шрамах рубцах и ожогах,,
48,Статьи/Противопоказания к татуажу мифы предрассудки и реальность,single-post-protovokaz.php,Противопоказания к татуажу мифы предрассудки и реальность,,
49,Статьи/Можно ли делать татуаж беременным,single-post-beremen.php,Можно ли делать татуаж беременным,,